epoch,step,train_loss
0,49,1.5289844274520874
1,99,0.9663844108581543
1,149,0.9014259576797485
2,199,0.8396618962287903
2,249,0.803554892539978
3,299,0.7963758707046509
3,349,0.7768574357032776
4,399,0.7778968214988708
4,449,0.7707725167274475
5,499,0.7626368403434753
5,549,0.7751249074935913
6,599,0.7638170719146729
6,649,0.7535693645477295
7,699,0.7362551689147949
7,749,0.7664111852645874
8,799,0.7700746059417725
9,849,0.7588046193122864
9,899,0.7557403445243835
